# synapse type	synapse ID	soma distance	section ID	section pt ID	dendrite label	activation times
L1D1	1	330.469511846	34	29	ApicalDendrite	215.580230272,
L1D1	18	264.375441408	96	33	Dendrite	217.990980115,
L1D1	23	315.85067255	23	45	ApicalDendrite	217.990980115,
L1D1	25	144.877877409	77	41	Dendrite	215.987942231,
L1D1	27	180.628272177	58	25	Dendrite	217.990980115,
L1D1	30	290.648964191	86	4	Dendrite	215.580230272,
L1D1	36	173.099511536	58	23	Dendrite	215.580230272,
L1D1_ongoing	14	308.790201578	85	7	Dendrite	193.516758104,
L1D1_ongoing	16	305.204624377	85	6	Dendrite	195.886792489,
L1D1_ongoing	17	357.894941705	86	24	Dendrite	148.916298839,
L1D1_ongoing	25	144.877877409	77	41	Dendrite	20.2182921085,
L1D1_ongoing	26	199.280277961	44	51	ApicalDendrite	15.3606175647,
L1D1_ongoing	32	304.105197592	34	20	ApicalDendrite	17.5245173924,68.0339323549,
L1D1_ongoing	33	286.285495399	86	2	Dendrite	105.293331527,
L1D1_ongoing	38	414.333208238	29	110	ApicalDendrite	27.5819325151,
L1D1_ongoing	39	217.602440516	44	56	ApicalDendrite	181.240334352,
L1D1_ongoing	43	131.717077661	59	35	Dendrite	201.830375206,
L1D2_ongoing	3	266.336690884	24	19	ApicalDendrite	9.33073222268,48.0736899987,
L1D2_ongoing	9	247.526609185	96	28	Dendrite	26.8032796478,90.9030236741,
L1D2_ongoing	17	41.9984208294	80	4	Dendrite	7.53141025184,
L1D2_ongoing	24	35.5815340913	76	2	Dendrite	81.7799827325,
L1D2_ongoing	30	177.094638714	96	3	Dendrite	203.886267656,
L1D2_ongoing	42	67.6109361027	113	5	Dendrite	18.8158884693,
L1D2_ongoing	45	67.9355285861	114	3	Dendrite	171.846851577,
L1D2_ongoing	52	59.6409744859	114	0	Dendrite	100.388998342,
L1D2_ongoing	54	88.0359075206	66	13	Dendrite	182.453981835,
L1D2_ongoing	72	189.866934116	14	109	ApicalDendrite	107.770631303,
L1D2_ongoing	73	195.757698825	14	111	ApicalDendrite	60.8720153181,
L1D2_ongoing	77	77.511704345	59	4	Dendrite	16.1499654628,
L1D2_ongoing	80	118.974216335	58	5	Dendrite	243.663732434,
L1D2_ongoing	85	133.085660815	110	31	Dendrite	224.76678018,
L1D2_ongoing	86	158.045519796	110	46	Dendrite	179.326826511,
L1D2_ongoing	92	197.138642639	91	65	Dendrite	187.538272444,
L1D2_ongoing	114	62.5806136917	88	3	Dendrite	69.3073043278,
L1D2_ongoing	119	55.6031021426	104	10	Dendrite	77.5618325583,195.154184189,
L1D2_ongoing	120	238.473470867	31	31	ApicalDendrite	192.892046987,
L1D2_ongoing	121	238.375732092	84	80	Dendrite	52.0663626562,
L1D2_ongoing	125	142.146571845	42	17	ApicalDendrite	32.0779181978,
L1D2_ongoing	127	344.925474573	23	58	ApicalDendrite	240.460688993,
L1D2_ongoing	130	293.546479247	94	55	Dendrite	215.331218495,
L1D2_ongoing	132	297.345471379	94	57	Dendrite	21.586879418,189.883540624,
L1D2_ongoing	140	279.402645554	96	39	Dendrite	74.8022733411,
L1D2_ongoing	156	155.453392384	41	25	ApicalDendrite	78.9380809735,183.257217691,
L1D2_ongoing	163	325.070370528	24	47	ApicalDendrite	26.8900731427,
L1D2_ongoing	166	218.923866752	58	36	Dendrite	94.7106746398,
L1D2_ongoing	169	194.590813376	58	28	Dendrite	120.443573015,
L1D2_ongoing	186	102.752589087	92	19	Dendrite	167.412312989,
L1D2_ongoing	188	206.679917998	44	53	ApicalDendrite	49.7763358198,53.2836448077,
L1D2_ongoing	190	97.1485188528	129	28	Dendrite	67.8477685178,
L1D2_ongoing	200	204.859849659	94	10	Dendrite	24.4046494279,
L1D2_ongoing	202	197.053801344	94	6	Dendrite	205.964566601,
L1D2_ongoing	205	198.62201058	96	12	Dendrite	125.006270787,
L1D2_ongoing	210	210.068479726	94	13	Dendrite	120.285159943,
L1D2_ongoing	221	221.657131213	94	20	Dendrite	206.803292633,
L1D2_ongoing	223	202.89225128	94	9	Dendrite	58.0200317945,193.941305214,
L1D2_ongoing	226	212.816810045	96	17	Dendrite	52.319468294,
L1D2_ongoing	231	272.181507939	31	41	ApicalDendrite	59.9228844023,228.801469241,
L1D2_ongoing	232	93.9633841363	113	18	Dendrite	128.062688078,
L1D2_ongoing	256	156.407830048	59	40	Dendrite	23.3604902334,
L1D2_ongoing	279	188.286505298	77	57	Dendrite	26.4369918251,225.237662136,
L1D2_ongoing	282	161.816743352	77	47	Dendrite	45.7401830737,214.687095063,
L1D2_ongoing	283	174.949001991	77	52	Dendrite	115.809090775,
L1D2_ongoing	287	153.161909076	77	44	Dendrite	221.443571567,
L1D2_ongoing	297	100.366148416	14	47	ApicalDendrite	87.9568782471,
L1D2_ongoing	298	115.085819521	88	29	Dendrite	92.2132858004,143.019815594,
L2D1	45	47.8737503581	9	4	ApicalDendrite	210.643448587,
L2D1	115	48.1219715957	3	11	ApicalDendrite	213.384184515,
L2D1	239	57.8097358112	104	11	Dendrite	214.75691645,
L2D1_ongoing	31	19.2731960804	130	5	Dendrite	27.8346300175,
L2D1_ongoing	177	284.806069475	36	37	ApicalDendrite	232.842082616,
L2D1_ongoing	230	65.5335110824	105	18	Dendrite	63.3369047951,
L2D1_ongoing	309	361.318092699	37	15	ApicalDendrite	195.351367971,
L2D2	100	85.3001987784	98	11	Dendrite	224.514899042,
L2D2	136	86.8433477723	105	29	Dendrite	299.361688933,
L2D2	162	68.9008234045	103	22	Dendrite	255.15111455,
L2D2	207	60.5711064078	103	16	Dendrite	248.834234047,
L2D2	231	69.8945642055	129	18	Dendrite	224.648133407,
L2D2	273	147.449407799	9	50	ApicalDendrite	276.248754547,
L2D2	297	61.0655850069	60	19	Dendrite	244.102878027,
L2D2	317	104.028916023	60	37	Dendrite	213.797370199,
L2D2	328	346.818565792	24	58	ApicalDendrite	295.928890129,
L2D2	334	109.917005925	111	17	Dendrite	287.482216334,
L2D2	340	141.071136715	111	33	Dendrite	265.98093725,
L2D2	347	120.483505831	111	22	Dendrite	299.24063269,
L2D2	361	65.0107178582	74	4	Dendrite	270.348892917,
L2D2	367	40.9000403159	43	3	ApicalDendrite	213.779214638,
L2D2	382	78.9307930273	78	11	Dendrite	277.648160494,
L2D2	414	35.4017707958	43	1	ApicalDendrite	260.856388549,
L2D2	504	154.349882774	14	98	ApicalDendrite	269.32277821,
L2D2	517	143.226505941	113	44	Dendrite	229.388249235,
L2D2	524	131.717077661	59	35	Dendrite	266.999484334,
L2D2	532	73.7898342926	56	0	Dendrite	244.993491189,
L2D2	573	80.0919978804	56	12	Dendrite	253.288450409,
L2D2	585	126.16849096	59	33	Dendrite	250.871571424,
L2D2	596	80.9667096474	59	11	Dendrite	273.138105634,
L2D2	598	129.038319685	59	34	Dendrite	263.15232131,
L2D2	626	150.856699463	5	30	ApicalDendrite	217.50660749,
L2D2	635	110.589211097	131	29	Dendrite	264.434654638,
L2D2	686	50.8521882213	123	8	Dendrite	263.654708296,
L2D2	731	73.1466258398	128	15	Dendrite	235.257678051,
L2D2	735	100.137990927	4	12	ApicalDendrite	250.731092672,
L2D2	737	38.7399321856	7	6	ApicalDendrite	230.905488946,
L2D2	751	82.0436112935	128	20	Dendrite	267.382556594,
L2D2	800	52.6492033013	127	3	Dendrite	295.503084164,
L2D2	815	87.2272826615	128	23	Dendrite	216.934649044,
L2D2	816	74.3453973046	131	12	Dendrite	283.580871948,
L2D2	843	56.0080944748	7	18	ApicalDendrite	213.779214638,
L2D2	874	66.1243020812	5	0	ApicalDendrite	299.24063269,
L2D2	884	66.5382260774	128	11	Dendrite	217.50660749,
L2D2	887	51.0690362152	128	4	Dendrite	264.434654638,
L2D2	888	75.0866066005	124	24	Dendrite	229.388249235,
L2D2	890	48.3083574971	124	8	Dendrite	263.654708296,
L2D2	903	39.1405790029	126	7	Dendrite	244.993491189,
L2D2	987	133.13614571	22	12	ApicalDendrite	269.32277821,
L2D2	1011	97.7848909605	19	10	ApicalDendrite	270.348892917,
L2D2	1070	145.772465583	78	46	Dendrite	287.063138815,
L2D2	1085	123.083750426	60	46	Dendrite	263.654708296,
L2D2	1089	119.517473327	60	44	Dendrite	244.102878027,
L2D2	1148	43.1012086945	118	8	Dendrite	250.871571424,
L2D2	1171	27.0036146254	118	1	Dendrite	224.648133407,
L2D2	1187	125.828426194	9	41	ApicalDendrite	270.610973046,
L2D2	1198	102.477292507	9	29	ApicalDendrite	295.503084164,
L2D2	1207	76.7565317301	54	16	Dendrite	269.32277821,
L2D2	1215	306.768291586	34	21	ApicalDendrite	248.834234047,
L2D2	1243	102.752589087	92	19	Dendrite	212.029022298,
L2D2	1295	141.278686554	4	27	ApicalDendrite	250.871571424,
L2D2	1322	71.7760663716	111	3	Dendrite	213.779214638,
L2D2	1338	101.965162561	99	18	Dendrite	276.248754547,
L2D2	1356	96.4013361463	111	12	Dendrite	235.257678051,
L2D2	1397	119.283776217	123	35	Dendrite	255.15111455,
L2D2	1413	121.241080518	104	41	Dendrite	281.870321049,
L2D2	1437	45.4607436477	9	3	ApicalDendrite	212.029022298,
L2D2	1483	15.8265957962	46	5	Dendrite	267.382556594,
L2D2	1499	136.623024918	44	36	ApicalDendrite	295.503084164,
L2D2	1525	95.377674616	59	25	Dendrite	277.648160494,
L2D2	1528	91.5853091379	77	19	Dendrite	287.482216334,
L2D2	1533	98.7902064782	77	22	Dendrite	299.24063269,
L2D2	1537	321.376112377	23	48	ApicalDendrite	299.24063269,
L2D2	1538	177.318939242	45	49	ApicalDendrite	264.434654638,
L2D2	1543	152.008724452	45	41	ApicalDendrite	299.24063269,
L2D2	1563	139.63790316	30	0	ApicalDendrite	277.648160494,
L2D2	1585	150.846660065	22	21	ApicalDendrite	287.482216334,
L2D2	1594	163.583393821	28	4	ApicalDendrite	217.50660749,
L2D2	1633	357.894941705	86	24	Dendrite	287.063138815,
L2D2	1639	360.171480652	86	25	Dendrite	277.648160494,
L2D2	1642	382.903756027	37	26	ApicalDendrite	287.482216334,
L2D2	1647	381.26448148	37	25	ApicalDendrite	212.029022298,
L2D2	1650	105.616145577	5	15	ApicalDendrite	270.610973046,
L2D2	1659	109.916348096	5	17	ApicalDendrite	248.834234047,
L2D2	1695	69.3317832187	123	16	Dendrite	230.905488946,
L2D2	1723	95.7952989955	124	33	Dendrite	224.514899042,
L2D2	1730	110.933198418	127	25	Dendrite	213.797370199,
L2D2	1757	95.8693732826	5	11	ApicalDendrite	299.24063269,
L2D2	1771	96.6600626804	131	23	Dendrite	244.102878027,
L2D2	1772	84.0917231589	124	29	Dendrite	230.905488946,
L2D2	1780	97.8528352107	5	12	ApicalDendrite	213.779214638,
L2D2	1840	76.5321891063	88	11	Dendrite	255.15111455,
L2D2	1865	82.9067119619	13	13	ApicalDendrite	250.871571424,
L2D2	1873	66.9529913539	14	11	ApicalDendrite	224.514899042,
L2D2	1903	80.8338449513	14	27	ApicalDendrite	287.482216334,
L2D2	1942	85.9945789279	88	16	Dendrite	287.063138815,
L2D2	1955	126.80164663	114	27	Dendrite	265.98093725,
L2D2	1975	60.5148485001	121	9	Dendrite	270.610973046,
L2D2	2121	64.3645660135	70	5	Dendrite	212.029022298,
L2D2	2133	38.0947960996	107	1	Dendrite	276.248754547,
L2D2	2224	271.631099977	34	5	ApicalDendrite	263.654708296,
L2D2	2244	93.2442784283	118	32	Dendrite	287.063138815,
L2D2	2253	123.108137581	118	45	Dendrite	270.610973046,
L2D2_ongoing	43	117.5562925	7	47	ApicalDendrite	195.594307787,
L2D2_ongoing	62	109.349101712	81	37	Dendrite	81.7534756389,
L2D2_ongoing	173	88.006411443	104	25	Dendrite	154.821634403,
L2D2_ongoing	196	44.3659155015	104	4	Dendrite	153.653740763,
L2D2_ongoing	226	39.4945151603	129	5	Dendrite	12.6271296474,
L2D2_ongoing	254	64.3872036135	129	16	Dendrite	50.5362499744,
L2D2_ongoing	355	25.8145515261	79	1	Dendrite	146.713665865,
L2D2_ongoing	485	128.833967649	14	79	ApicalDendrite	29.0704128826,
L2D2_ongoing	547	139.121970746	58	12	Dendrite	181.055005225,
L2D2_ongoing	645	118.691472667	131	32	Dendrite	68.1650256971,
L2D2_ongoing	694	68.5387108121	128	12	Dendrite	137.153146111,
L2D2_ongoing	954	42.7724652075	7	7	ApicalDendrite	173.746129962,
L2D2_ongoing	974	378.190487717	29	98	ApicalDendrite	66.6307324171,
L2D2_ongoing	994	111.19652704	84	19	Dendrite	23.1216059277,
L2D2_ongoing	1189	117.67473475	9	37	ApicalDendrite	233.321640956,
L2D2_ongoing	1190	104.835428526	9	30	ApicalDendrite	213.123261932,
L2D2_ongoing	1227	137.011080941	71	12	Dendrite	115.324555288,
L2D2_ongoing	1312	110.241442492	103	43	Dendrite	174.784159743,
L2D2_ongoing	1413	121.241080518	104	41	Dendrite	75.0812493108,
L2D2_ongoing	1463	28.9820844049	60	3	Dendrite	126.466745553,
L2D2_ongoing	1486	43.4713122068	124	5	Dendrite	200.911716877,
L2D2_ongoing	1504	117.894479223	44	30	ApicalDendrite	90.6482581749,
L2D2_ongoing	1602	197.696106367	32	21	ApicalDendrite	185.617271146,
L2D2_ongoing	1617	185.674001675	32	12	ApicalDendrite	51.1073748645,
L2D2_ongoing	1979	65.4494249759	120	17	Dendrite	179.045396772,
L2D2_ongoing	2241	131.074117195	118	48	Dendrite	162.127044445,
L2D2_ongoing	2269	126.173935784	67	22	Dendrite	67.3430984265,
L2D2_ongoing	2285	279.087095441	31	44	ApicalDendrite	191.634647016,
L3D1	13	83.4521764692	111	7	Dendrite	212.33036623,
L3D1	23	193.964021177	22	45	ApicalDendrite	217.954031811,
L3D1	27	191.444910844	22	44	ApicalDendrite	255.058741073,
L3D1	35	357.941819777	34	41	ApicalDendrite	212.498268164,
L3D1	37	308.563986964	29	71	ApicalDendrite	217.578708691,
L3D1	38	331.082031073	29	81	ApicalDendrite	210.644070548,
L3D1	41	350.619631776	29	89	ApicalDendrite	424.590409713,
L3D1	44	316.071009119	29	75	ApicalDendrite	210.452395305,
L3D1	45	356.571829007	29	91	ApicalDendrite	223.977725325,
L3D1	58	171.421568836	18	36	ApicalDendrite	234.876126497,
L3D1	78	332.53760283	24	50	ApicalDendrite	216.541895152,
L3D1	80	314.723666177	34	24	ApicalDendrite	213.430641344,
L3D1	82	321.976035975	24	46	ApicalDendrite	285.080717736,
L3D1	94	164.876721058	75	60	Dendrite	220.360023991,
L3D1	95	143.575734267	75	49	Dendrite	211.1367851,
L3D1	100	128.407262621	111	27	Dendrite	218.244092635,
L3D1	102	143.577867204	111	34	Dendrite	257.493274233,
L3D1	104	153.617257006	110	43	Dendrite	211.201661266,
L3D1	121	108.00571462	14	53	ApicalDendrite	213.430641344,
L3D1	132	377.756584955	37	23	ApicalDendrite	210.718489002,
L3D1	133	349.485049455	38	7	ApicalDendrite	216.541895152,
L3D1	138	91.3363982674	131	20	Dendrite	424.590409713,
L3D1	140	100.376828408	131	25	Dendrite	211.1367851,
L3D1	145	137.858562615	121	41	Dendrite	424.590409713,
L3D1	147	127.424253863	74	38	Dendrite	223.977725325,
L3D1	148	63.9270462879	54	11	Dendrite	210.718489002,
L3D1	150	61.6013697487	51	10	Dendrite	424.590409713,
L3D1	151	58.6573963092	51	9	Dendrite	424.590409713,
L3D1	155	84.9087100919	53	22	Dendrite	241.789014351,
L3D1	156	86.90755075	53	23	Dendrite	255.058741073,
L3D1	158	71.5978815003	54	14	Dendrite	217.578708691,
L3D1	163	385.415455896	29	100	ApicalDendrite	211.201661266,
L3D1	165	408.685916876	29	108	ApicalDendrite	210.718489002,
L3D1	168	403.410498801	29	106	ApicalDendrite	212.33036623,
L3D1	178	382.857192195	29	99	ApicalDendrite	210.718489002,
L3D1	183	130.767629642	22	11	ApicalDendrite	218.244092635,
L3D1_ongoing	133	349.485049455	38	7	ApicalDendrite	109.703433584,
L3D1_ongoing	136	92.9687366673	131	21	Dendrite	211.658535198,
L3D1_ongoing	183	130.767629642	22	11	ApicalDendrite	137.52334061,
L3D2	53	38.0040564848	103	1	Dendrite	290.462596916,
L3D2	101	92.917232044	114	13	Dendrite	247.962433282,
L3D2	109	111.19652704	84	19	Dendrite	294.995622555,
L3D2	115	105.258301958	21	4	ApicalDendrite	229.181612987,
L3D2	155	99.103662569	118	36	Dendrite	245.24179146,
L3D2	163	90.8852836006	128	25	Dendrite	225.352579027,
L3D2	178	125.428952511	131	35	Dendrite	274.774795674,
L3D2	220	287.353806843	31	47	ApicalDendrite	284.427373693,
L3D2	234	104.360097636	50	29	Dendrite	236.470801325,
L3D2	244	42.3529211346	120	5	Dendrite	282.704803216,
L3D2	252	74.4023997503	121	14	Dendrite	221.526619755,
L3D2	255	80.7911594491	50	20	Dendrite	262.770311303,
L3D2	357	70.4882546341	131	10	Dendrite	289.366785373,
L3D2	358	34.1499653093	7	4	ApicalDendrite	221.526619755,
L3D2	369	38.7399321856	7	6	ApicalDendrite	225.352579027,
L3D2	392	54.3938254201	3	14	ApicalDendrite	294.995622555,
L3D2	401	109.721967804	98	20	Dendrite	284.427373693,
L3D2	402	18.6006782404	116	1	Dendrite	225.352579027,
L3D2	406	113.010379614	104	37	Dendrite	221.526619755,
L3D2	444	72.4085073728	40	4	ApicalDendrite	289.366785373,
L3D2	457	199.402420408	31	16	ApicalDendrite	245.24179146,
L3D2	481	185.432920206	22	40	ApicalDendrite	289.366785373,
L3D2	491	137.542636761	5	27	ApicalDendrite	294.995622555,
L3D2	521	145.943580913	72	16	Dendrite	282.704803216,
L3D2	547	47.4679328524	109	2	Dendrite	225.352579027,
L3D2	552	48.6866388798	117	12	Dendrite	236.470801325,
L3D2	615	90.7457873721	67	2	Dendrite	294.995622555,
L3D2	622	56.302737717	65	1	Dendrite	294.995622555,
L3D2	658	50.4618707056	117	13	Dendrite	225.352579027,
L3D2	663	58.0585593761	65	2	Dendrite	221.526619755,
L3D2	679	12.1909293183	2	1	ApicalDendrite	221.526619755,
L3D2	680	2.27272556751	115	1	Dendrite	245.24179146,
L3D2	688	30.5631772515	3	3	ApicalDendrite	274.774795674,
L3D2	704	26.1748352317	6	1	ApicalDendrite	274.774795674,
L3D2	717	41.5687790679	123	2	Dendrite	221.526619755,
L3D2	725	13.1954908497	130	3	Dendrite	221.526619755,
L3D2	737	54.152989075	54	6	Dendrite	221.526619755,
L3D2	744	182.392148631	32	10	ApicalDendrite	245.24179146,
L3D2	790	65.4280308667	45	7	ApicalDendrite	282.704803216,
L3D2	798	53.3867969302	77	2	Dendrite	225.352579027,
L3D2_ongoing	50	27.5446889275	101	5	Dendrite	113.00946333,
L3D2_ongoing	83	159.116214846	20	26	ApicalDendrite	40.9329847361,
L3D2_ongoing	107	109.609853343	50	31	Dendrite	78.9851574271,
L3D2_ongoing	250	91.6941355	121	22	Dendrite	41.7858833109,
L3D2_ongoing	290	127.338164091	13	34	ApicalDendrite	115.484096141,
L4pyD1	2	283.890594279	29	62	ApicalDendrite	210.93477736,
L4pyD1	3	260.756548306	29	52	ApicalDendrite	211.336229492,
L4pyD1	6	13.9231617244	115	5	Dendrite	210.801503638,
L4pyD1	9	40.7081955523	50	2	Dendrite	400.309339433,
L4pyD1	11	41.7857197118	51	3	Dendrite	210.93477736,
L4pyD1	18	39.609887247	53	0	Dendrite	211.336229492,
L4pyD1	20	16.6092406059	106	0	Dendrite	211.336229492,
L4pyD1	22	62.7353152113	118	17	Dendrite	211.336229492,
L4pyD1	24	42.6837087881	55	25	Dendrite	210.93477736,
L4pyD2	42	106.612633215	84	16	Dendrite	253.365763695,
L4pyD2	66	104.885708725	4	14	ApicalDendrite	215.708886007,
L4pyD2	101	97.4252688289	70	22	Dendrite	253.365763695,
L4pyD2	196	35.7974752533	50	0	Dendrite	253.365763695,
L4pyD2_ongoing	32	80.0252173756	123	20	Dendrite	69.6256508354,
L4pyD2_ongoing	190	31.6498820759	8	2	ApicalDendrite	104.816802324,
L4pyD2_ongoing	194	10.2259183385	115	3	Dendrite	48.6412685536,
L4pyD2_ongoing	199	39.609887247	54	0	Dendrite	231.451586975,
L4pyD2_ongoing	203	24.1956043581	47	1	Dendrite	221.116583043,
L4pyD2_ongoing	249	48.7573266198	73	2	Dendrite	112.936530767,
L4spD1	2	136.217506327	131	41	Dendrite	216.128943621,
L4spD1	5	126.645489345	124	43	Dendrite	210.382428776,
L4spD1	6	172.830215117	60	56	Dendrite	210.350031468,
L4spD1	8	124.218930848	123	36	Dendrite	222.267383087,
L4spD1	9	115.39706991	123	34	Dendrite	213.408927942,
L4spD1	10	74.1349450445	123	18	Dendrite	210.773240828,
L4spD1	16	38.3790535898	55	20	Dendrite	279.005720468,
L4spD1	19	68.8800786514	54	13	Dendrite	240.633392009,
L4spD1	21	68.7199532318	53	13	Dendrite	218.194395137,
L4spD1	23	165.031714556	4	38	ApicalDendrite	214.080464216,
L4spD1	25	97.3766167801	74	20	Dendrite	218.194395137,
L4spD1	31	114.974454461	75	35	Dendrite	218.194395137,
L4spD1	33	103.0395156	74	23	Dendrite	210.773240828,
L4spD1	39	125.621917375	74	37	Dendrite	240.633392009,
L4spD1	40	123.222509329	75	39	Dendrite	213.408927942,
L4spD1	43	111.43428536	74	30	Dendrite	279.005720468,
L4spD1_ongoing	45	77.400348076	75	15	Dendrite	192.703966302,
L4spD2	3	105.327371517	10	32	ApicalDendrite	279.49892081,
L4spD2	49	77.4726094651	60	25	Dendrite	262.54500613,
L4spD2	95	91.3363982674	131	20	Dendrite	262.54500613,
L4spD2	115	143.885838559	5	28	ApicalDendrite	262.54500613,
L4spD2	155	72.4496953768	131	11	Dendrite	279.49892081,
L4spD2	167	190.154274823	35	26	ApicalDendrite	279.49892081,
L4spD2_ongoing	56	66.2967235528	60	21	Dendrite	34.4042363844,
L4ssD1	2	317.226608724	29	76	ApicalDendrite	218.397043983,
L4ssD1	3	306.204682097	29	70	ApicalDendrite	216.616520787,
L4ssD1	8	110.241442492	103	43	Dendrite	212.531297334,
L4ssD1	14	121.642083689	124	41	Dendrite	211.533137479,
L4ssD1	21	134.088698066	60	49	Dendrite	232.77695233,
L4ssD1	26	172.830215117	60	56	Dendrite	215.042524553,
L4ssD1	30	85.9414402777	60	29	Dendrite	217.310246481,
L4ssD1	41	126.6885269	18	18	ApicalDendrite	215.636345051,
L4ssD1	43	150.765514803	18	27	ApicalDendrite	213.902082017,
L4ssD1	46	157.760747778	9	55	ApicalDendrite	210.492537003,
L4ssD1	51	76.7194405393	17	9	ApicalDendrite	211.22155796,
L4ssD1	54	14.7002544488	125	4	Dendrite	210.178050363,
L4ssD1	56	38.5720837837	124	0	Dendrite	225.267651593,
L4ssD1	81	54.7969752613	53	7	Dendrite	215.636345051,
L4ssD1	93	32.8408000068	79	5	Dendrite	217.310246481,
L4ssD1	101	146.364704662	75	51	Dendrite	215.042524553,
L4ssD1	102	136.684583025	45	33	ApicalDendrite	212.531297334,
L4ssD1	104	134.494200725	45	32	ApicalDendrite	216.616520787,
L4ssD1	112	100.376828408	131	25	Dendrite	232.77695233,
L4ssD1	122	63.3154488356	131	6	Dendrite	210.178050363,
L4ssD1	127	116.506843302	131	31	Dendrite	215.636345051,
L4ssD1	133	188.110632182	35	25	ApicalDendrite	212.531297334,
L4ssD1	140	193.869308269	35	27	ApicalDendrite	215.636345051,
L4ssD1	144	72.7847640644	124	22	Dendrite	211.22155796,
L4ssD1	146	397.406232873	29	104	ApicalDendrite	216.616520787,
L4ssD1	147	382.857192195	29	99	ApicalDendrite	215.636345051,
L4ssD1_ongoing	38	165.180490671	18	34	ApicalDendrite	104.355267465,
L4ssD1_ongoing	61	29.3177958296	47	3	Dendrite	87.591442067,
L4ssD2	10	99.1039728658	128	29	Dendrite	247.937495108,
L4ssD2	26	109.109401652	128	33	Dendrite	286.970517723,
L4ssD2	46	31.507930106	117	3	Dendrite	236.330028785,
L4ssD2	48	26.9989845256	129	0	Dendrite	277.111895855,
L4ssD2	64	119.395713297	51	32	Dendrite	219.991023912,
L4ssD2	65	110.983119376	51	29	Dendrite	274.514723197,
L4ssD2	69	204.186264374	45	59	ApicalDendrite	254.83243738,
L4ssD2	120	138.955828992	118	51	Dendrite	217.57431529,
L4ssD2	122	96.2191627225	118	34	Dendrite	212.61690313,
L4ssD2	142	137.933105227	81	51	Dendrite	242.312637081,
L4ssD2	159	134.088698066	60	49	Dendrite	242.312637081,
L4ssD2	183	118.22597774	50	35	Dendrite	242.312637081,
L4ssD2	233	54.525911875	103	12	Dendrite	236.330028785,
L4ssD2	244	83.9527607293	129	24	Dendrite	277.111895855,
L4ssD2	245	55.6634031163	103	13	Dendrite	219.810790857,
L4ssD2	261	133.403213624	117	60	Dendrite	254.83243738,
L4ssD2	297	6.57361129164	122	1	Dendrite	247.937495108,
L4ssD2	307	33.3907645958	52	3	Dendrite	277.111895855,
L4ssD2	314	60.016629929	10	10	ApicalDendrite	247.937495108,
L4ssD2	317	51.2356262205	9	5	ApicalDendrite	236.330028785,
L4ssD2	323	52.368635324	60	12	Dendrite	254.83243738,
L4ssD2	335	81.0879873188	59	12	Dendrite	254.83243738,
L4ssD2	346	51.8973706033	77	1	Dendrite	247.937495108,
L4ssD2	351	69.4176233257	78	8	Dendrite	277.111895855,
L4ssD2	355	43.8651810401	16	7	ApicalDendrite	236.330028785,
L4ssD2	378	87.2272826615	128	23	Dendrite	242.312637081,
L4ssD2	379	52.2461988222	124	10	Dendrite	274.514723197,
L4ssD2	383	61.5087298233	9	9	ApicalDendrite	217.57431529,
L4ssD2	395	107.254888439	4	15	ApicalDendrite	278.978842833,
L4ssD2	401	72.7847640644	124	22	Dendrite	217.57431529,
L4ssD2	422	118.16418237	5	21	ApicalDendrite	219.810790857,
L4ssD2	431	114.456789471	5	19	ApicalDendrite	274.514723197,
L4ssD2	435	107.990535286	5	16	ApicalDendrite	278.978842833,
L4ssD2	441	61.8883738937	123	12	Dendrite	247.937495108,
L4ssD2	443	95.1891819482	131	22	Dendrite	274.514723197,
L4ssD2	481	100.376828408	131	25	Dendrite	277.111895855,
L4ssD2	513	104.535408144	132	18	Dendrite	278.978842833,
L4ssD2	514	62.8121702816	60	20	Dendrite	217.57431529,
L4ssD2	524	85.9414402777	60	29	Dendrite	274.514723197,
L4ssD2	534	169.557974963	9	63	ApicalDendrite	236.330028785,
L4ssD2	542	159.808449741	18	32	ApicalDendrite	286.970517723,
L4ssD2	603	102.002527197	59	27	Dendrite	254.83243738,
L4ssD2	617	71.7663040291	9	14	ApicalDendrite	277.111895855,
L4ssD2	640	63.618967648	10	12	ApicalDendrite	236.330028785,
L4ssD2	641	125.828426194	9	41	ApicalDendrite	277.111895855,
L4ssD2	647	170.677256053	44	44	ApicalDendrite	236.330028785,
L4ssD2	650	187.612251016	44	49	ApicalDendrite	219.810790857,
L4ssD2	660	191.997421864	31	13	ApicalDendrite	247.937495108,
L4ssD2	669	140.124628391	99	34	Dendrite	212.61690313,
L4ssD2	687	121.642083689	124	41	Dendrite	277.111895855,
L4ssD2	699	122.464054604	72	5	Dendrite	278.978842833,
L4ssD2_ongoing	237	46.0370444375	103	4	Dendrite	181.895862473,
L4ssD2_ongoing	361	66.1243020812	3	20	ApicalDendrite	83.0778634458,
L4ssD2_ongoing	372	70.4882546341	131	10	Dendrite	181.337789849,
L4ssD2_ongoing	511	98.0347675715	60	35	Dendrite	190.036568984,
L4ssD2_ongoing	536	170.803547314	9	64	ApicalDendrite	206.2174344,
L4ssD2_ongoing	594	103.235989277	78	22	Dendrite	137.402680936,
L4ssD2_ongoing	615	106.388364718	21	5	ApicalDendrite	132.02016055,
L4ssD2_ongoing	669	140.124628391	99	34	Dendrite	142.991983421,
L4ssD2_ongoing	684	137.653008385	104	48	Dendrite	226.325502323,
L5stD1	2	128.53799913	104	44	Dendrite	271.368471492,
L5stD1	53	99.3725042878	5	13	ApicalDendrite	212.112898698,
L5stD1	67	80.5972388215	131	15	Dendrite	215.578721506,
L5stD1	68	93.8004873049	124	32	Dendrite	212.401337847,
L5stD1	88	135.285672879	71	11	Dendrite	239.156145517,
L5stD1	90	52.4242298168	16	11	ApicalDendrite	217.337185622,
L5stD1	102	41.5764639734	104	3	Dendrite	246.880429488,
L5stD1	142	114.71948815	44	27	ApicalDendrite	211.104099722,
L5stD1	166	86.7438998636	54	21	Dendrite	213.209185576,
L5stD1	172	88.626304924	53	24	Dendrite	225.990435893,
L5stD1	208	10.36989677	11	0	ApicalDendrite	221.738648341,
L5stD1	248	9.28517154666	1	5	ApicalDendrite	242.115294297,
L5stD1	311	53.5128410202	9	6	ApicalDendrite	211.230088683,
L5stD1	330	315.437104969	85	9	Dendrite	217.381742929,
L5stD1	366	333.152644292	23	52	ApicalDendrite	214.572565657,
L5stD1	369	141.533174173	57	10	Dendrite	211.087941377,
L5stD1	416	174.829792165	35	19	ApicalDendrite	259.650641809,
L5stD1	471	104.028916023	60	37	Dendrite	215.406210105,
L5stD1	551	82.5749796275	91	11	Dendrite	219.061539251,
L5stD1	555	144.499905884	99	36	Dendrite	215.915556574,
L5stD1	593	86.9288227199	117	30	Dendrite	214.673997311,
L5stD1	596	114.635654099	67	15	Dendrite	211.447959667,
L5stD1	675	104.885708725	4	14	ApicalDendrite	236.502039536,
L5stD1	713	130.289653546	88	36	Dendrite	217.707709715,
L5stD1	728	136.801838894	60	50	Dendrite	216.115097234,
L5stD1	769	44.8461340224	55	28	Dendrite	242.115294297,
L5stD1	773	37.630095224	16	2	ApicalDendrite	213.209185576,
L5stD1	782	55.0733294944	88	0	Dendrite	211.087941377,
L5stD1	792	95.5793144354	75	25	Dendrite	259.650641809,
L5stD1	832	38.2752395436	121	2	Dendrite	215.406210105,
L5stD1	850	293.334725338	86	5	Dendrite	215.662441091,
L5stD1	884	74.3274122342	9	16	ApicalDendrite	215.662441091,
L5stD1	941	84.3810468912	19	3	ApicalDendrite	217.541901273,
L5stD1	951	161.495165232	113	52	Dendrite	211.087941377,
L5stD1	981	185.092162963	84	57	Dendrite	215.578721506,
L5stD1	1008	244.8741058	31	33	ApicalDendrite	239.156145517,
L5stD1	1015	249.931768173	31	35	ApicalDendrite	216.115097234,
L5stD1	1017	247.267832715	31	34	ApicalDendrite	211.231464278,
L5stD1_ongoing	59	88.4578442066	124	30	Dendrite	18.9105789686,
L5stD1_ongoing	94	117.349733478	42	11	ApicalDendrite	176.373113801,
L5stD1_ongoing	104	27.9659318918	101	6	Dendrite	174.896321606,
L5stD1_ongoing	106	95.1924468203	105	37	Dendrite	228.09230759,
L5stD1_ongoing	153	113.03272599	44	26	ApicalDendrite	242.221021664,
L5stD1_ongoing	168	61.6013697487	51	10	Dendrite	174.064325109,
L5stD1_ongoing	200	26.9425584123	47	2	Dendrite	130.824061492,
L5stD1_ongoing	237	44.5487157204	130	17	Dendrite	36.9781306446,
L5stD1_ongoing	281	26.4900831941	130	7	Dendrite	241.054927287,
L5stD1_ongoing	327	40.3252768121	10	2	ApicalDendrite	177.708271516,
L5stD1_ongoing	389	347.397107203	86	21	Dendrite	136.481082985,
L5stD1_ongoing	402	343.99949933	86	19	Dendrite	129.584338312,
L5stD1_ongoing	477	66.4297907808	132	6	Dendrite	180.073505263,
L5stD1_ongoing	498	110.022204588	60	39	Dendrite	123.260873768,
L5stD1_ongoing	502	114.781970596	60	41	Dendrite	227.038166064,
L5stD1_ongoing	512	225.094899414	29	35	ApicalDendrite	198.685959306,
L5stD1_ongoing	553	62.5775837075	99	1	Dendrite	63.0976683813,
L5stD1_ongoing	599	100.374258193	67	7	Dendrite	96.0527595495,
L5stD1_ongoing	682	73.1466258398	128	15	Dendrite	234.565638936,
L5stD1_ongoing	702	54.3309202011	123	9	Dendrite	186.069033691,
L5stD1_ongoing	718	121.273965564	60	45	Dendrite	146.816618799,
L5stD1_ongoing	746	27.853873886	79	2	Dendrite	47.0839062106,
L5stD1_ongoing	748	41.7867608581	63	4	Dendrite	170.887453502,
L5stD1_ongoing	758	57.9788744015	83	2	Dendrite	51.5083832487,
L5stD1_ongoing	782	55.0733294944	88	0	Dendrite	101.838608011,
L5stD1_ongoing	806	158.73945314	77	46	Dendrite	67.8260515132,
L5stD1_ongoing	823	54.6256075329	47	14	Dendrite	247.023056074,
L5stD1_ongoing	824	24.4217128189	125	8	Dendrite	201.427445895,
L5stD1_ongoing	963	185.998952502	35	24	ApicalDendrite	117.626848497,
L5stD1_ongoing	983	137.858562615	121	41	Dendrite	204.470888454,
L5stD1_ongoing	987	181.352028783	22	37	ApicalDendrite	157.229808798,
L5stD2	0	275.272432425	31	43	ApicalDendrite	271.954795271,
L5stD2	17	79.3855521478	110	4	Dendrite	226.627816246,
L5stD2	26	170.79471121	20	31	ApicalDendrite	246.187155118,
L5stD2	35	139.495120011	41	20	ApicalDendrite	221.175750257,
L5stD2	73	44.5038258279	103	3	Dendrite	262.910043542,
L5stD2	79	27.9659318918	105	0	Dendrite	283.78665635,
L5stD2	113	75.0408298887	47	23	Dendrite	226.024096507,
L5stD2	114	66.6217221181	47	20	Dendrite	278.54193403,
L5stD2	125	221.332431396	36	5	ApicalDendrite	286.877591553,
L5stD2	146	176.331315911	31	5	ApicalDendrite	272.852309529,
L5stD2	203	165.031714556	4	38	ApicalDendrite	227.917941559,
L5stD2	220	116.437760137	51	31	Dendrite	272.463844034,
L5stD2	228	240.215588643	32	45	ApicalDendrite	250.638618036,
L5stD2	240	272.727045154	33	4	ApicalDendrite	250.267426777,
L5stD2	248	275.635127975	29	59	ApicalDendrite	226.858007606,
L5stD2	259	292.71160268	29	65	ApicalDendrite	286.158829987,
L5stD2	275	258.376313058	96	31	Dendrite	278.54193403,
L5stD2	317	70.7797931274	14	16	ApicalDendrite	272.852309529,
L5stD2	338	80.3857616014	87	1	Dendrite	250.638618036,
L5stD2	357	132.037450172	88	37	Dendrite	226.627816246,
L5stD2	360	150.086538448	88	44	Dendrite	272.852309529,
L5stD2	361	101.789943366	45	21	ApicalDendrite	271.954795271,
L5stD2	363	121.513361898	14	68	ApicalDendrite	272.852309529,
L5stD2	395	103.571158707	45	22	ApicalDendrite	271.954795271,
L5stD2	397	108.00571462	14	53	ApicalDendrite	226.858007606,
L5stD2	401	124.238825207	88	33	Dendrite	226.627816246,
L5stD2	424	155.587547581	9	54	ApicalDendrite	271.954795271,
L5stD2	439	154.83998379	99	40	Dendrite	278.54193403,
L5stD2	440	374.622105497	38	16	ApicalDendrite	274.552756243,
L5stD2	446	383.066826659	38	20	ApicalDendrite	226.024096507,
L5stD2	454	86.698060508	132	13	Dendrite	283.78665635,
L5stD2	460	99.8958017544	60	36	Dendrite	271.954795271,
L5stD2	513	137.622596242	91	39	Dendrite	271.954795271,
L5stD2	523	114.635654099	67	15	Dendrite	283.78665635,
L5stD2	542	131.509055042	71	9	Dendrite	221.175750257,
L5stD2	556	305.966786577	36	52	ApicalDendrite	221.175750257,
L5stD2	583	69.4176233257	78	8	Dendrite	221.175750257,
L5stD2	618	191.642773263	29	21	ApicalDendrite	262.910043542,
L5stD2	619	209.880116814	29	28	ApicalDendrite	274.552756243,
L5stD2	637	92.701013186	18	5	ApicalDendrite	246.187155118,
L5stD2	645	64.387401302	40	2	ApicalDendrite	250.267426777,
L5stD2_ongoing	20	215.089408964	20	51	ApicalDendrite	206.781822263,
L5stD2_ongoing	41	123.062896572	78	33	Dendrite	218.255229628,
L5stD2_ongoing	46	121.416894801	78	32	Dendrite	53.6682925726,
L5stD2_ongoing	121	181.827723854	95	0	Dendrite	178.573658721,
L5stD2_ongoing	143	92.5714503225	129	27	Dendrite	231.454875917,
L5stD2_ongoing	168	187.389319605	29	19	ApicalDendrite	209.677288709,
L5stD2_ongoing	220	116.437760137	51	31	Dendrite	115.483900362,
L5stD2_ongoing	226	261.525409827	34	0	ApicalDendrite	195.54114491,
L5stD2_ongoing	397	108.00571462	14	53	ApicalDendrite	237.613131494,
L5stD2_ongoing	405	147.086305228	88	42	Dendrite	114.459852334,
L5stD2_ongoing	436	129.947595124	104	45	Dendrite	217.555645748,
L5stD2_ongoing	450	61.5975768263	132	4	Dendrite	61.682355897,
L5stD2_ongoing	525	87.496363983	69	10	Dendrite	52.6727191684,
L5stD2_ongoing	544	114.518032116	117	43	Dendrite	75.6651327247,
L5stD2_ongoing	566	33.0444423381	55	16	Dendrite	9.24011726553,
L5stD2_ongoing	625	213.037439856	29	30	ApicalDendrite	215.571836675,
L5stD2_ongoing	640	76.7194405393	17	9	ApicalDendrite	225.209510676,
L5ttD2	0	114.678147013	50	33	Dendrite	211.647788767,
L5ttD2	1	101.807041758	51	25	Dendrite	288.373970044,
L5ttD2	5	44.8461340224	55	28	Dendrite	247.950696178,
L5ttD2	7	21.7664032519	11	4	ApicalDendrite	254.012500366,
L5ttD2	13	89.9074874172	78	15	Dendrite	295.833071354,
L5ttD2	22	54.8192994655	65	0	Dendrite	226.579654148,
L5ttD2	24	35.3347945951	12	5	ApicalDendrite	250.249305856,
L5ttD2	27	45.9301766225	76	8	Dendrite	259.694070965,
L5ttD2	40	42.0080013146	55	24	Dendrite	234.788422063,
L5ttD2	43	19.8796218096	11	3	ApicalDendrite	290.047014527,
L5ttD2	45	69.6275070353	55	53	Dendrite	273.495651283,
L5ttD2	48	69.2842537567	77	9	Dendrite	293.0264542,
L5ttD2	50	33.9062385748	89	0	Dendrite	278.789867182,
L5ttD2	53	27.8017751801	62	2	Dendrite	215.76068103,
L5ttD2	54	55.7079000738	45	3	ApicalDendrite	261.494980415,
L5ttD2	55	37.2432005583	55	19	Dendrite	228.584845614,
L5ttD2	57	62.1406583875	83	4	Dendrite	262.920389723,
L5ttD2	61	35.6393069374	55	18	Dendrite	217.306107615,
L5ttD2	63	75.0512402788	77	12	Dendrite	249.0217902,
L5ttD2	65	59.8413740909	83	3	Dendrite	251.899461616,
L5ttD2	66	51.7779424248	55	34	Dendrite	222.547232187,
L5ttD2	68	35.9235493004	89	1	Dendrite	283.8290175,
L5ttD2	82	38.4511323723	16	3	ApicalDendrite	289.57121437,
L5ttD2	83	26.4909005783	12	1	ApicalDendrite	296.519791613,
L5ttD2	84	67.535666753	83	6	Dendrite	271.793378204,
L5ttD2	85	72.875719125	45	10	ApicalDendrite	291.619751521,
L5ttD2	92	40.9558140337	55	22	Dendrite	228.920256714,
L5ttD2	104	80.0090323843	104	22	Dendrite	266.459423992,
L5ttD2	112	27.5446889275	101	5	Dendrite	272.099806954,
L5ttD2	113	58.6762708774	105	15	Dendrite	222.486679255,
L5ttD2	115	39.4339110594	104	2	Dendrite	266.809462826,
L5ttD2	116	41.2190805075	129	6	Dendrite	291.619751521,
L5ttD2	123	90.0603298293	104	26	Dendrite	246.46099558,
L5ttD2	125	36.203578404	104	0	Dendrite	278.789867182,
L5ttD2	133	66.7756912918	105	19	Dendrite	293.0264542,
L5ttD2	134	27.9659318918	102	0	Dendrite	225.439619274,
L5ttD2	135	91.7385377698	104	27	Dendrite	222.547232187,
L5ttD2	136	86.6000467202	129	25	Dendrite	262.920389723,
L5ttD2	139	97.7163595434	105	38	Dendrite	293.0264542,
L5ttD2	140	61.7084444334	103	17	Dendrite	222.547232187,
L5ttD2	142	69.8945642055	129	18	Dendrite	296.519791613,
L5ttD2	143	42.9818845622	129	7	Dendrite	295.833071354,
L5ttD2	145	84.8830839421	105	27	Dendrite	222.547232187,
L5ttD2	146	31.9816176086	105	2	Dendrite	278.789867182,
L5ttD2	147	87.7082961218	103	32	Dendrite	295.833071354,
L5ttD2	148	53.9603664654	103	11	Dendrite	289.57121437,
L5ttD2	149	89.445642444	105	32	Dendrite	261.494980415,
L5ttD2	153	93.011365381	105	36	Dendrite	283.8290175,
L5ttD2	154	55.8406555084	129	13	Dendrite	215.76068103,
L5ttD2	158	58.0559052349	16	14	ApicalDendrite	272.099806954,
L5ttD2	173	59.5616347466	16	15	ApicalDendrite	296.519791613,
L5ttD2	175	97.38792185	78	19	Dendrite	249.0217902,
L5ttD2	176	90.419570004	42	4	ApicalDendrite	222.486679255,
L5ttD2	177	101.516258899	78	21	Dendrite	256.347021585,
L5ttD2	181	56.5599494979	16	13	ApicalDendrite	266.809462826,
L5ttD2	182	106.818155669	78	24	Dendrite	296.519791613,
L5ttD2	186	126.280518453	20	11	ApicalDendrite	266.809462826,
L5ttD2	187	64.387401302	40	2	ApicalDendrite	247.950696178,
L5ttD2	190	152.986656901	20	23	ApicalDendrite	282.525026867,
L5ttD2	193	62.5105752475	40	1	ApicalDendrite	262.920389723,
L5ttD2	195	119.564066696	20	9	ApicalDendrite	254.012500366,
L5ttD2	196	118.625965963	20	8	ApicalDendrite	296.519791613,
L5ttD2	198	95.481805703	18	6	ApicalDendrite	267.829824931,
L5ttD2	204	145.919986434	71	16	Dendrite	226.579654148,
L5ttD2	205	302.404714634	85	5	Dendrite	251.899461616,
L5ttD2	208	138.955828992	118	51	Dendrite	266.809462826,
L5ttD2	209	110.725343077	118	40	Dendrite	278.789867182,
L5ttD2	211	152.180861137	118	55	Dendrite	222.486679255,
L5ttD2	212	133.524248763	118	49	Dendrite	251.899461616,
L5ttD2	215	116.483498083	118	43	Dendrite	259.694070965,
L5ttD2	218	136.217506327	131	41	Dendrite	254.012500366,
L5ttD2	222	105.074712318	131	27	Dendrite	250.249305856,
L5ttD2	227	232.298640997	29	38	ApicalDendrite	293.0264542,
L5ttD2	228	235.860651138	29	40	ApicalDendrite	261.494980415,
L5ttD2	229	217.982226377	29	32	ApicalDendrite	246.46099558,
L5ttD2	230	243.70522968	29	43	ApicalDendrite	226.579654148,
L5ttD2	236	47.4679328524	109	2	Dendrite	291.619751521,
L5ttD2	237	37.3194489991	89	2	Dendrite	254.012500366,
L5ttD2	242	90.7457873721	67	2	Dendrite	222.547232187,
L5ttD2	246	111.336037293	91	27	Dendrite	272.099806954,
L5ttD2	248	45.3050471466	107	6	Dendrite	217.306107615,
L5ttD2	260	91.5327436401	91	15	Dendrite	288.373970044,
L5ttD2	261	50.4618707056	117	13	Dendrite	262.920389723,
L5ttD2	266	59.2445836015	97	7	Dendrite	295.833071354,
L5ttD2	273	44.1655378441	118	9	Dendrite	222.547232187,
L5ttD2	275	62.7353152113	118	17	Dendrite	222.547232187,
L5ttD2	278	26.9989845256	126	0	Dendrite	256.347021585,
L5ttD2	282	95.8693732826	5	11	ApicalDendrite	295.833071354,
L5ttD2	287	126.33654834	5	24	ApicalDendrite	262.920389723,
L5ttD2	290	85.6409907258	5	8	ApicalDendrite	234.788422063,
L5ttD2	292	112.793921454	127	26	Dendrite	256.347021585,
L5ttD2	294	63.3154488356	131	6	Dendrite	266.459423992,
L5ttD2	300	114.456789471	5	19	ApicalDendrite	225.439619274,
L5ttD2	301	137.542636761	5	27	ApicalDendrite	226.579654148,
L5ttD2	303	143.885838559	5	28	ApicalDendrite	278.789867182,
L5ttD2	309	258.222266004	36	22	ApicalDendrite	278.789867182,
L5ttD2	312	274.091348032	31	42	ApicalDendrite	250.249305856,
L5ttD2	319	227.759922057	39	6	ApicalDendrite	226.579654148,
L5ttD2	325	232.976993735	39	8	ApicalDendrite	278.789867182,
L5ttD2_ongoing	2	116.89443282	50	34	Dendrite	110.70736908,
L5ttD2_ongoing	17	22.7669392176	61	5	Dendrite	129.223253673,
L5ttD2_ongoing	29	80.646721948	44	14	ApicalDendrite	203.585441025,
L5ttD2_ongoing	31	32.8408000068	79	5	Dendrite	13.0056979145,
L5ttD2_ongoing	32	43.8651810401	16	7	ApicalDendrite	186.087795029,
L5ttD2_ongoing	37	33.9617247835	15	6	ApicalDendrite	68.3996895763,
L5ttD2_ongoing	60	44.8081264448	63	6	Dendrite	51.90947173,
L5ttD2_ongoing	63	75.0512402788	77	12	Dendrite	175.830102302,
L5ttD2_ongoing	65	59.8413740909	83	3	Dendrite	177.97804831,
L5ttD2_ongoing	72	64.3719641365	78	6	Dendrite	56.1747707839,
L5ttD2_ongoing	88	27.853873886	79	2	Dendrite	135.97108772,
L5ttD2_ongoing	90	31.2073177706	62	4	Dendrite	249.036548126,
L5ttD2_ongoing	96	56.3620036842	83	1	Dendrite	233.500534316,
L5ttD2_ongoing	100	55.3989260081	77	3	Dendrite	216.256467358,
L5ttD2_ongoing	109	91.8741143829	105	35	Dendrite	198.012480214,
L5ttD2_ongoing	110	44.700049761	105	6	Dendrite	198.555470461,
L5ttD2_ongoing	125	36.203578404	104	0	Dendrite	99.3038567612,
L5ttD2_ongoing	126	37.6925957022	129	4	Dendrite	109.857436134,
L5ttD2_ongoing	136	86.6000467202	129	25	Dendrite	240.342005164,
L5ttD2_ongoing	150	77.2860199261	104	21	Dendrite	114.647644195,
L5ttD2_ongoing	163	62.4693461893	17	1	ApicalDendrite	186.037771642,
L5ttD2_ongoing	168	98.7729250536	41	7	ApicalDendrite	42.7723139569,198.649403307,
L5ttD2_ongoing	175	97.38792185	78	19	Dendrite	195.750410276,
L5ttD2_ongoing	183	61.2037943978	40	0	ApicalDendrite	14.992863732,
L5ttD2_ongoing	185	101.921096009	42	7	ApicalDendrite	39.4721842276,
L5ttD2_ongoing	194	81.4473584511	41	1	ApicalDendrite	57.6907736752,
L5ttD2_ongoing	216	102.78719843	129	30	Dendrite	75.7930996957,
L5ttD2_ongoing	223	110.589211097	131	29	Dendrite	117.336228059,
L5ttD2_ongoing	249	65.311207277	109	12	Dendrite	19.676644268,
L5ttD2_ongoing	267	86.7670513255	66	12	Dendrite	34.8062894703,
L5ttD2_ongoing	273	44.1655378441	118	9	Dendrite	106.357822377,
L5ttD2_ongoing	294	63.3154488356	131	6	Dendrite	95.9009034733,
L5ttD2_ongoing	297	80.6983466681	124	27	Dendrite	101.761427344,
L5ttD2_ongoing	314	289.968068851	31	48	ApicalDendrite	234.653114838,
L5ttD2_ongoing	316	258.124408705	31	38	ApicalDendrite	15.2695730245,
